{
    "Fine-tuned BERT NLI": {
        "accuracy": 0.700733752620545,
        "precision": 0.731007315700619,
        "recall": 0.9331896551724138,
        "f1": 0.8198169769643421
    },
    "Fine-tuned BERT NLI v2": {
        "accuracy": 0.6850104821802935,
        "precision": 0.7298082510168507,
        "recall": 0.9022988505747126,
        "f1": 0.8069386443944748
    },
    "Fine-tuned BERT NLI v3": {
        "accuracy": 0.6949685534591195,
        "precision": 0.7267637178051511,
        "recall": 0.9324712643678161,
        "f1": 0.81686595342983
    },
    "Fine-tuned RoBERTa NLI": {
        "accuracy": 0.7421383647798742,
        "precision": 0.7416756176154672,
        "recall": 0.9920977011494253,
        "f1": 0.8488014751075599
    },
    "Fine-tuned RoBERTa NLI v2": {
        "accuracy": 0.7295597484276729,
        "precision": 0.7295597484276729,
        "recall": 1.0,
        "f1": 0.8436363636363636
    },
    "Fine-tuned RoBERTa NLI v3": {
        "accuracy": 0.7180293501048218,
        "precision": 0.7283422459893049,
        "recall": 0.978448275862069,
        "f1": 0.8350705088902514
    }
}